timestamp,keyword,emotion,title,message,dream_text
2025-06-22 17:49:24,火,未知,幸福的事，要常常記得。,和朋友分享今天的好心情，一起加倍幸福。,⚠️ 找不到夢境解析內容
2025-06-22 17:52:02,火,未知,恐懼是成長前的門檻。,選一件你遲疑的事，嘗試踏出一小步。,⚠️ 找不到與此關鍵字相關的夢境解析
2025-06-22 17:53:16,蛇,未知,壓力是你對事情的重視。,把壓力事件列出，用高低重要度做排序。,⚠️ 找不到與此關鍵字相關的夢境解析
2025-06-22 17:57:11,蛇,未知,心亂時，先讓呼吸帶你回家。,進行 4-7-8 深呼吸法，幫助神經放鬆。,⚠️ 無法解析夢境內容
2025-06-22 18:03:54,蛇,未知,你真的做到了，而且比你想像的更好。,寫下三件你最近完成的事，提醒自己有多棒。,⚠️ 無法解析夢境內容
2025-06-22 18:04:41,火,未知,幸福的事，要常常記得。,和朋友分享今天的好心情，一起加倍幸福。,⚠️ 無法解析夢境內容
2025-06-22 22:34:05,蛇,未知,你真的做到了，而且比你想像的更好。,寫下三件你最近完成的事，提醒自己有多棒。,⚠️ 無法解析夢境內容
2025-06-22 22:35:32,蛇,未知,幸福的事，要常常記得。,和朋友分享今天的好心情，一起加倍幸福。,⚠️ 無法解析夢境內容
2025-06-22 22:38:05,蛇,恐懼,你可以害怕，但也能同時勇敢。,找一位你信任的人談談內心的害怕。,"夢見蛇
是什麼意思？做夢夢見蛇好不好？夢見蛇有現實的影響和反應，也有夢者的主觀想像，請看下面由(
周公解夢官網
)小編幫你整理的夢見蛇的詳細解說吧。
蛇在夢中出現是典型的具有性意味的意象，
夢見蛇
可能暗示你對性的感覺或是性生活的狀態。也許你最近有些欲求不滿;也許性行為讓你充滿罪惡感，甚至感覺污穢;也可能你的性生活很美滿，讓你樂在其中。不同的夢境中，蛇給不同的做夢者帶來不同的心理感覺。
夢見很多蛇
，可能表示你出現過這些想法，並對此感到不安，或危險，但其實性未盡會傷害你。
夢見被蛇咬
，多是反映你對性的恐懼、害怕。(來自）
夢見蛇脫皮，或者夢見蛇皮，反映你對性恐懼不安的同時，內心觀念也得到了更新、成長。
夢見蛇鑽進洞裡，家裡可能會被偷竊或被搶劫，因此出門要留心關好門窗。
夢見蛇除了象徵男性生殖器以外，有時還象徵自我身上、性格裡面那些陰暗、難以理解且神秘的一面，比如人性深處蠢蠢欲動的欲望、深不可測的力量，讓人敬畏。很多人夢到蛇時還伴隨不太愉快的經驗，比如
被蛇追
趕、吞噬;或許它蟄伏不動並沒傷害你，但你就是害怕，想拔腿
逃跑
。當你夢到蛇並感到極為害怕時，也許是遇到了自己內心深處的恐懼，或對自我認識中，害怕正視的一面。另外蛇有時候也表示生活中遇到的困擾，或潛在的危險。
有時蛇還會象徵智慧的靈性，或敏銳的直覺。如果夢到蛇時，感覺到一種特別的歡喜之情，可能表示你心中靈性的覺醒，或智慧與直覺的力量萌發。如果你篤信宗教，也許是暗示你的修為正在成長。
女人
夢見一條死蛇在咬自己，表示有人打著朋友的幌子惡意陷害她。
夢見一條蛇蠕動著跌落到別的蛇身上，預示與命運和悔恨進行的鬥爭。
夢見一對蛇，這是不祥之兆，家人很快會分離。商人夢見一對蛇，則暗示著要發大財。
夢見殺蛇
，表示你將發現自己已經牢牢地抓住每個機會來提高利潤，或關注別人成功的操作，你將感受到戰勝敵人的快樂。
夢見跨過蛇行走，預示對疾病的恐懼一直充斥著你的生活，自私的小人在挑撥離間你和朋友們的關係。
夢見自己
被蛇咬
，預示你將屈從於邪惡勢力的影響，敵人將會破壞你的事業。
夢見綠草叢中一條普通的斑點蛇在接近你，而你迅速躲到一邊，你以為它走了，但是卻又看到它試圖接近你，而且它的身體突然變大，變得像是一條巨大的毒蛇，你驚慌地掙扎，最後成功逃脫了，它沒有咬到你。這次徹底消失了此夢預示很快你會認為沒有人願意服從自己，他們甚至輕視你。此夢過後。事情越來越糟疾病、不安以及別人的冷漠都會讓你心灰意冷;然而，如果你放下這些想像出來的麻煩，麻利地負起自己的責任，你的生活將走上軌道，你的心裡也能得到安慰，自己的付出也將獲得回報。
夢見吐著信子的蛇盤踞在你的身旁，預示敵人將控制你，而你無力掙脫或者你將受到疾病的打擊。
夢見用手拿蛇、觸摸蛇，預示你將巧用計策，戰勝所有的反對力量。
夢見自己的頭髮變成蛇，預示看起來，很不起眼的事情將給你帶來煩惱和憂慮。
夢中的蛇變成不自然的形狀，預示你將遇到很多麻煩事。然而，只要處事公正，遇事冷靜，加上堅強的意志力，你就能成功地解決掉所有的麻煩事。
夢見在涉水或沐浴時看到或踩到蛇，預示你以為是純粹的幸福，原來是麻煩的事情。
夢見蛇咬別人，預示某個朋友將遭到你的傷害和批評。
夢見小蛇，預示你將友好地款待一些人，而他們卻在背地裡誹謗你。想破壞你的大好前途。
夢見孩子在玩蛇，預示誰是敵人，誰是朋友，這個問題讓你感到困惑。
一個女人如果夢見一個孩子把一條蛇放在她的後腦勺上，她甚至可以聽見蛇吐信子的嘶嘶聲，預示別人將說服她放棄一些財產，說是為她好，但稍後她將發現自己落人敵人的陰謀詭計中，無力逃脫。
夢見朋友在前面走，身後的路上有蛇探出腦袋，預示有人已經設計好傷害你和你的朋友的陰謀，你將能夠察覺。
夢見你的朋友控制住了蛇，表示你將僱傭一個非常有能力的代理人幫助你抵制邪惡的影響。
女人夢見自己催眠蛇，預示別人想掠奪屬於你的權利，你能夠得到法律和有影響力的朋友的保護。
夢見敵人被蛇咬傷，預示敵手之間會互相殘殺，兩敗俱傷。
夢見蛇咬自己
妻子，預示不祥，你可能會遇到憂愁或不幸。
夢見蛇捕捉
老鼠
，這是凶兆的象徵，生活中會有不幸的訊息傳來，可能你在生意場上的投資會血本無歸，也可能是工作上會很不如意。
夢見蛇同貓斗，這是祥兆，生活中所有的不幸都將過去你將迎來生命中的春天，好好的把握機會吧!
夢見蛇變成龍，預示你將得到貴人相助，要交好運。
夢見龍
蛇在一起，吉利，預示你財運興旺。
女人夢見蛇
，並把它抱在懷裡，預示會喜得貴子。
夢見長蛇盤曲，預示你求學讀書會有好運氣。比如新來的數學老師竟是你所喜歡的那一類型，於是為了獲取好印象，你開始對原來討厭的數學用功。
周易解夢
蛇是我們在夢中常見的動物之一。在民間流行的說法是，夢見蛇是財運的象徵，但是在夢境的心理分析中，蛇並不代表財運，而是具有性、智慧、直覺等多重意義的。
夢中的蛇有時象徵著性。在女性的夢中，蛇大多是男性生殖器的象徵。比如在一個女孩子的夢中，一條小蛇咬了她的腿。根據夢的情境分析，這條小蛇代表的即是男性性器，而咬的過程即是性行為的過程。
再比如一對分居兩地的夫妻，在團聚後，妻子夢到一條小龍吐水的場景，“小龍”代表蛇，“吐水”即象徵著男性性器的射精過程。如果夢到的是毒蛇則意味著是有傷害的性。
在男性的夢中，蛇則象徵著女性。筆者在做夢的諮詢過程中遇到這樣一則夢：一個青年男子夢到自己被一條
大蟒蛇
纏繞著，蛇頭壓在自己的頭上。這裡的“大
蟒蛇
”象徵著他的母親，“纏繞”則象徵著束縛。這個夢表明，在現實生活中，他的母親對他管束非常嚴厲，從而影響到了他的獨立性的培養。
還有在有些男性的夢中，蛇也代表其性格中的女性成分，如果蛇的出現使夢者產生恐懼，則意味著夢者對自己的女性性格成分不接納，反映在現實生活中，則表現為在與女性交往中有一種潛在的恐懼。
夢裡出現蛇，有時是象徵著智慧。比如，在一位企業高級主管的夢中，他得到了一根雕刻著蛇的權杖，非常高興。這裡的“權杖”象徵著他目前的事業和職權，“蛇”則代表智慧。在很多國家的神話故事和民間傳說中，蛇都是以智者和神靈的面貌出現的，所以當夢境中關於蛇的出現具有神話色彩時，它往往代表智慧。
夢到蛇有時也象徵著“直覺”。直覺是人的四種心理功能之一(另外三種為感覺、思維、情感)，它“指示”人去“如何做”。而蛇恰恰是反應敏銳的動物，與人的直覺反應類似。所以，人常常會在夢中得到蛇的“啟示”。比如有個學生夢見一條蛇鑽到他的褥子底下就不見了，而他白天在到處尋找他的飯卡。第二天，他滿懷疑惑地掀開褥子，發現了飯卡。事實上，這就是他的直覺幫助他找到了飯卡，而夢中的蛇象徵著他的直覺活動。
“神秘感”也是蛇的主要“特徵”，在瑞士心理學家榮格的夢中，經常會出現蛇。他本人和他所創立的分析心理學也被世人冠以“神秘”二字，所以，他與蛇的聯繫是“緊密”的。他的“直覺”和“神秘感”都來自於他心中的“蛇”。
夢裡的蛇有時還象徵著“誘惑力”。最後，就是我們大家所不接受的“美女蛇”，即當它所象徵的“誘惑力”。蛇的誘惑能力表現在捕食青蛙時，會一動不動地盯著青蛙，使之失去警惕，然後突然“下口”。同樣，如果類似的場景在夢中出現，比如被蛇盯著，這時往往象徵你遇到一個很有誘惑力的人。
訓練自己夢中善待蛇。一般來講，在夢中遇到蛇，尤其在夢境中的恐懼情緒中，很容易選擇
打蛇
、
殺蛇
、燒蛇等辦法來對付。但這真的不是最好的辦法。意象心理學研究表明，蛇作為在夢境當中的常見意象，它往往帶有較大的心理能量，如果採用打、殺、燒、扔等辦法，會影響總體心理能量的均衡。所以，在夢中見到蛇最好的辦法是關注和訓練它。
夢者能做到在當時的夢中“善待”蛇的確很難，但在夢後仍可“補救”。我們可以在夢後告訴自己，如果再夢到蛇或者類似的場景，一定先要看清楚，不要急於“動手”;也可以在想像中回到夢中的蛇場景，仔細體會你在這個夢境中的情緒，直到體驗清晰透徹為止。這兩種做法的好處是：使你心靈當中的以蛇為代表的心理能量不被壓抑，反而可以運用這股心理能量為你的心理成長服務。也就是說，通過這種體驗可以增強你的直覺能力、發現你更多的智慧，使你的人格更為完整和完善。
原版
周公解夢
被蛇咬，主交好運。《周公解夢》
見螺蛇，女人貞潔。《周公解夢》 見蛇一對，主分家。《周公解夢》
夢成大蛇橫跨起。夢此文人身貴，女人孕貴，婚姻配貴，平人事貴，出行 遇貴。《夢林玄解》
夢大蛇繞城，吉。文人變化有待，經商腰纏萬貫，病人不吉之兆。《夢林玄解》
夢腹中蛇出。文士題名，平人破財，女人主其年生子。《夢林玄解》
夢虺蛇，吉。此夢主生女必賢，且得貴婿。《夢林玄解》
夢見避蛇入門者，得財。《敦煌本夢書》
夢見赤蛇者，有憂病。《敦煌本夢書》
夢見打殺蛇者，大吉。《敦煌本夢書》
夢見大蛇過，得財，吉。《敦煌本夢書》
夢見黃蛇，有喜事。《敦煌本夢書》
夢見青蛇，憂事發。《敦煌本夢書》
夢見殺蛇，宅大吉;人不安謝之，吉。《敦煌本夢書》
夢見蛇，主移徙事。《敦煌本夢書》
夢見蛇出宅者，憂慮疾病;一雲主移徙。《敦煌本夢書》
夢見蛇當道者，大吉。《敦煌本夢書》
夢見蛇群，大吉利。《敦煌本夢書》
夢見蛇繞腰，迎貴王。《敦煌本夢書》
夢見蛇入床下，得重病。《敦煌本夢書》
夢見蛇入懷，有貴子。《敦煌本夢書》
夢見蛇入人肛門中，富貴。《敦煌本夢書》
夢見蛇入屋中，得財物。《敦煌本夢書》
夢見蛇上床，主死事。《敦煌本夢書》
夢見蛇上屋，大凶。《敦煌本夢書》
夢見蛇咬人，妻必生子。《敦煌本夢書》
夢見蛇咬人家者，母喪。《敦煌本夢書》
夢見蛇遠人去，必富。《敦煌本夢書》
夢見蛇在床上，吉。《敦煌本夢書》
夢見蛇在懷中，有男女之事。《敦煌本夢書》
夢見蛇作盤者，宅不安。《敦煌本夢書》
夢見銜蛇，得官，大吉。《敦煌本夢書》
夢腳踏蛇，吉。此夢主得雙明珠。《夢林玄解》
夢雷雨蛇奮起。主榮耀顯貴降臨，祿位至。病人夢此，非為佳兆。《夢林玄解》
夢群蛇緣城出。主其地有焚毀屠戮之慘，應急避為是。《斷夢秘書》
夢人水捕蛇，吉。文人夢此，登科及第;平人夢此，獲利拾財。《夢林玄解》
夢入水捉蛇。巳年月日夢此，常人主得財利，文人當得功名。非達已不應。《斷夢秘書》
夢蛇出腹中。常人夢之，主有破財;婦人夢之，主於其年得子。《斷夢秘書》
夢蛇繞於身，吉。夢此主得貴子，且有文才。《夢林玄解》
夢蛇人臍中，吉。《夢林玄解》
夢蛇生足，凶。《夢林玄解》
夢蛇婉降於池，吉。《夢林玄解》
蛇赤黑、口舌青，吉。《周公解夢》
蛇多者，主陰私事。《周公解夢》
蛇黃白，主有官事。《周公解夢》
蛇繞身者，生貴子。《周公解夢》
蛇入洞，主賊臨門。《周公解夢》
蛇入肛門，有口舌。《周公解夢》
蛇入懷中，生貴子。《周公解夢》
蛇隨人去，妻外心。《周公解夢》
蛇吞蛙，主災禍臨。《周公解夢》
蛇行水內，主遷榮。《周公解夢》
蛇咬人，主得大財。《周公解夢》
心理學解夢
夢境解說：夢到蛇暗示著可能會有一個“滑溜”的人或情況出現。這是指某種場合，在此場合中不能信任某個人。或者有一個人，你認識他但不能控制他。蛇又跟錢串有關。
心理分析：因為蛇與性有關，所以它暗示這方面未解決的問題或對性行為的恐懼。
精神象徵：在精神層面上，夢裡的蛇象徵著道德破壞和欺騙。古代神話中那條咬自己尾巴的蛇，象徵著完美、無盡的活力和權力。當你願意致力於精神上的自足時，夢裡會出現這一象徵。
夢見蛇的案例分析
【夢例1】
夢境描述：我最怕蛇,每當想到蛇，我都會毛骨悚然，可是我偏偏老是夢見蛇。我做夢不是被蛇咬，就是蛇纏在我的身上，可怕極了,每次我都被這種可怕的夢嚇醒。(女性，33歲)
夢境解析：夢見蛇，是性方面的願望的表現。根據弗洛伊德的說法，蛇是陰物的象徵,女性夢見蛇是對性的憧憬和欲求不滿。在東方，夢見蛇有時還象徵著金錢。而在西方，夢見蛇則象徵著有許多困難、障礙和背信棄義的行為。如果
夢見蛇纏身
，說明這段時間你曾是熱戀中性壓抑的奴隸。若被蛇咬，則要小心意外的事故。若有許多蛇,表明周圍環境不好。
【夢例2】
夢境描述：有個人，夢見自己把蛇放進口袋裡玩，後來蛇爬走了，從一個門縫進了一間儲藏室，怎么找也找不到。後來這個人在焦急中醒來了。
夢境解析：這個夢是個不祥之夢，蛇代表著小人和陰謀，蛇爬進儲藏室表示做夢者的秘密會被小人所知，做夢者會為人所害。最近要小心謠言，尤其在人際關係方面，不要得罪人。"
2025-06-22 22:44:13,"""C:/Users/Wan/Desktop/ccClub Judge/Project/Dream Oracle Cards/venv/Scripts/python.exe"" ""c:/Users/Wan/Desktop/ccClub Judge/Project/Dream Oracle Cards/main.py""",未知,迷路也是旅程的一部分。,問自己：什麼事讓我感覺有意義？,⚠️ 找不到與此關鍵字相關的夢境解析
2025-06-22 22:44:32,牙齒,未知,放下不是放棄，是選擇不再壓垮自己。,寫下一件你今天可以不做的事。,⚠️ 找不到與此關鍵字相關的夢境解析
2025-06-22 22:50:17,牙齒,未知,不是你做不好，而是你太想一次就好。,把任務拆成三小步，從第一步開始就好。,"對不起,您要訪問的頁面無法訪問或還未面世。
我們將儘快修復。
對您瀏覽造成的不便，請諒解。"
2025-06-22 22:54:43,"""C:/Users/Wan/Desktop/ccClub Judge/Project/Dream Oracle Cards/venv/Scripts/python.exe"" ""c:/Users/Wan/Desktop/ccClub Judge/Project/Dream Oracle Cards/main.py""",未知,錯誤是提醒，不是定罪。,寫下一次犯錯經驗，你從中學到了什麼？,⚠️ 找不到與此關鍵字相關的夢境解析
2025-06-22 22:54:49,牙齒,焦慮,不是你做不好，而是你太想一次就好。,把任務拆成三小步，從第一步開始就好。,"夢見牙齒
是什麼意思？做夢夢見牙齒好不好？夢見牙齒有現實的影響和反應，也有夢者的主觀想像，請看下面由(
周公解夢官網
)小編幫你整理的夢見牙齒的詳細解說吧。
周公解夢
夢見牙齒
夢見牙齒，通常預示你會遇到困難，需要努力去加以征服。
掉牙
是一種常見的夢，有好幾種象徵。通常表示會有某種重要的關係會失去。按照中國古代《周公解夢》的觀點，
掉牙齒
還有可能預示“家裡有喪事”，提醒你注意家中老人的身體健康，儘量避免不發的事發生。因此也預示你將承擔更多的責任，變得更加穩重和成熟。如果你是個在與人交往中經常會感到壓力的人，
夢見掉牙齒
還有可能預示會與人發生爭吵，人際關係會遇到麻煩。另外，掉牙預示艱難的處境即將過去，或是一段感情，一種關係即結束。最後一種可能，這個夢僅僅表示牙齒確實有毛病，不用擔心。
夢見牙齒斷掉，表示你現在的健康狀況很差，要注意身體。
夢見嘴裡的牙齒全掉了，預示你的身份可能會發生變化。
夢見掉的牙重新長出來，預示父母健康平安，自己晚年安逸富貴。
夢見牙齒鬆動
，暗示你可能信任了不值得信任的人。
夢見牙疼，預示你會發財，生活富裕。
夢見補牙，預示你會收到好訊息。
夢見塞牙，預示很有可能會和別人發生意見衝突。
夢見吞下牙齒，預示你有可能會患大病，或者遭遇不幸痛苦。
夢見數自己的牙齒，預示可能會遇到很大困難，難以征服;或是敵手強大，令你抗爭起來，力不從心。
夢見數別人的牙齒，可能預示你將挑戰別人，給敵手製造困難，並攻克敵手。
夢見生長新牙齒，是愛情方面的吉兆。今後三個月內，兩人之間將不會有任何摩擦。
病人夢見生長新牙齒，預示身體將要康復。
老人夢見生長新牙齒，預示健康長壽。
/
夢見長出虎牙，預示健康平安，也許你的生活會太過安逸，不妨加強鍛鍊。
夢見丈夫
、妻子或情人的牙變黑，暗示對方通姦不忠。
夢見刷牙
，表示健康方面可能會有麻煩。已經治好的病，有可能復發，使你很煩惱。這時要注意好好休息，把病徹底治好。
農民
夢見拔牙
，意味著豐收在望。 夢見牙疼，定能發財。
夢見自己的牙齒脫落，表示將會與人發生爭吵，或有水難之虞。划船、衝浪、
游泳
、
釣魚
等水上遊樂，應該全面禁止。在進行其他遊樂時也要特別小心。
女人
夢見
拔牙
，表示生活會富裕。
夢見自己鑲了金牙，要當心，可能預示你會有意外和災禍，尤其要提防交通意外和身體疾病。
夢見有人氣勢洶洶張著大嘴，牙齒可怕地露著，可能是提醒你與夢裡人交往時要小心。如果男人做這個夢時，夢裡的人是塗著濃重唇膏的異性，還有可能暗示了心中有對閹割的恐懼，或是對女性陰道的恐懼。
原版周公解夢
夢見牙齒
拔牙，主有遷宅事。《周公解夢》 齒落，主有口舌事。《周公解夢》
齒落更生，子孫興。《周公解夢》
齒自落者，父母凶。《周公解夢》
夢齒長，大吉。此為位高爵尊，壽長嗣盛之夢。《夢林玄解》
夢齒大如象牙。夢此者得猛將，出賢臣。《夢林玄解》
夢齒墮血出。主破財之兆，又親丁有災，主母病無救。《斷夢秘書》
夢齒落更生，大吉。夢此椿萱泰、晚景榮華之兆。《夢林玄解》
夢齒落無血。此為大凶夢兆，主亡父母、喪妻妾、夭子孫等憂煩事，禍至災生，無財可救。《斷夢秘書》
夢齒落再生。夢此者，主父母安康，兄弟登賢，晚年榮顯之兆。《斷夢秘書》
夢齒牙被人拔去，大凶。上唇齒，左為父，右為母，盤牙為祖孫;下唇齒，左男右女。夢人拔去，必是親丁被害，大凶之兆。《夢林玄解》
夢齒牙露。此為爭訟之象。夢此遷移、交易、經營諸事切宜忍耐。《夢林玄解》
夢齒牙外露。此為爭論官司之兆，於遷移、交易、經營等事，均須耐守，庶可無災。如起爭訟，主鄰里鹹坐視不救。《斷夢秘書》
夢齒牙搖動。此為不寧之兆，父母有憂，子孫將危，產業將散。遷移行動，有凶無吉。《斷夢秘書》
夢齒搖動，凶。不寧之兆，父母在憂，子孫將危，產業將散，遷移行動有凶無吉。《夢林玄解》
夢齒增多，主益壽添齡。《夢林玄解》
夢跌落門牙。夢跌落上之門齒者，左主喪父，右主喪母;夢跌落下之門齒者，左主死兄妹，右主死弟。姊姐亦然。《斷夢秘書》
夢換齒，主子孫承繼他人財產之象。《斷夢秘書》
夢換齒。夢者父母寄居異姓，子孫嗣他業。《夢林玄解》
夢擊落齒牙血出，凶。破財之兆，親丁有災。若母病無救。《夢林玄解》
夢見齒白，富貴。《敦煌本夢書》
夢見露齒，多訟。《敦煌本夢書》
夢見露齒笑，爭訟。《敦煌本夢書》
夢見牙齒，憂刀兵。《敦煌本夢書》
夢見牙齒落，大憂官事。《敦煌本夢書》
夢見牙齒落失，兒子富貴。《敦煌本夢書》
夢見牙齒落者，大衰。《敦煌本夢書》
夢見牙齒生者，大旺。《敦煌本夢書》
夢人授齒裝自己口中，吉。病者夢之遇良醫，罪死夢之得大赦，遠行夢之遇異人，獨夫夢之撒賢嗣。《夢林玄解》
夢刷淨齒牙，吉。主有美味至，當有秀兒生。《夢林玄解》
夢洗齒，吉。主口舌散除，是非消解，有仇不為害，有過不為災。《夢林玄解》
夢牙..."
2025-06-22 22:55:59,火,恐懼,害怕代表你在靠近重要的東西。,寫下你害怕的事，再寫下最壞情況與應對方式。,"夢見火
是什麼意思？做夢夢見火好不好？夢見火有現實的影響和反應，也有夢者的主觀想像，請看下面由(
周公解夢官網
)小編幫你整理的夢見火的詳細解說吧。
火能喚醒人強烈的感情，如嫉妒、情慾與激情等;它能毀滅一切，同時卻又是一場浩大的淨化，孕育著勃勃新生;在中國傳統觀念里，火更與運勢和財富息息相關。因此
夢見火
有多種解釋，在積極方面，它象徵激情、渴望和財富;消極方面，則意味著失意、憤怒、煩惱或毀滅。
男性夢見火，表明心中對事業充滿希望、充滿信心;
女性夢見火，表明心中對生活充滿熱愛、充滿憧憶;
夢見大火
熊熊，是好事，預示財運旺盛，地位上升。對年輕人來說，還表示你正對生活事業充滿希望、信心和熱愛。
夢見感到火燒到了你，預示新局面可能會給你帶來麻煩。如夢見沒有燒到你，預示一定會有好訊息。
如果夢見自己被火活活燒死，表示你內心深處，可能對這種即將出現的新局面或新關係十分恐懼。
夢見家裡
著火
，將過上富裕的生活，家資豐盛，錢財頗豐。或者某些其他你想要得到的東西，很快將心愿達成。夢見火被撲滅，意味著經濟上的損失，或者失去愛情
夢裡看到有房屋或其他建築著火，一方面，可能預示有親友向你緊急救援;另一方面，也可能表示一直阻礙你前進的某些因素，終於將得以消除，你能重新開始。
夢見自己年來火，或從火中逃脫，預示你能排除萬難，取得成功。
夢見自己從火中把人救出，你將感到十分真誠的友情。朋友會幫你分憂解難，並真誠關心你的健康等。
夢見自己成為消防隊員救火，預示你可能有錢財上的損失，這時最好不要向別人借錢，或借錢給別人解決遇到的經濟危機，以免日後產生爭執分歧，反目成仇。
夢見火燒山，預示可能會有災禍。一方面，有水難之相，要儘量避免接近海、湖、河川等有水的地方，
游泳
池也不例外;另一方面，可能有被盜的可能，要注意小心保管金錢和貴重物品，出門在外時，尤其要小心小偷。
夢見有煙火掉落在自己身上，表示你很容易受引誘，必須要用堅強的意志來約束自己。
夢見煙火沖天，預示身邊熟悉的人身上會有好事。可有家庭成員中會有人獲得提升，或者增加薪水等。
夢見火球在空中飛，表示近期直覺敏銳，料事如神。如是學生，可能猜中
考試
題。
夢見在黑暗中有星星之火，預示你的新計畫將順利展開，如果你正籌劃開始做一件事，或者學習一項新技能，將有望獲得成功。
夢見野火旺盛燃燒，預示有財運，收入會增多。商人財源廣進，生意興隆，近期可能會有大額進帳。
夢見一堆一堆的
大火
，預示在不久的將來，職位上可能會得到晉升。
夢見登高望遠處的火焰，提醒你要小心處事。近期可能會由於疏忽而犯錯誤，比如記錯時間錯過約會等，需要額外細心謹慎。
夢見柴火燃燒旺盛，代表跟戀人陷入熱戀，兩情相悅，如膠似漆，每天都要見面約會。要注意適當保持冷靜。
夢見手持火炬行走，代表愛情有大幅度進展，一直追求的對象，或起初對你毫無興趣的人，將會被你的真情所打動。如果是真心實意的感情，長久地追求，終將贏得心上人的青睞。
如果經常夢見火，或是夢見與火打交道，在火邊工作，置身於烈火中，口渴咽躁等，則可能預示要患高血壓等病，最好及時到醫院檢查。
原版
周公解夢
大火燒天，主國安。《周公解夢》
火從地生，疾病至。《周公解夢》
火燃草堆，主大凶。《周公解夢》
火燒河水，長命吉。《周公解夢》
火燒山野，大顯達。《周公解夢》
火燒自屋，主興旺。《周公解夢》
舉火燒井，主病至。《周公解夢》
舉火行路，大通達。《周公解夢》
夢持火照物。夢持火乘坐而行，為官祿之兆;夢持火行路，為通達之祥。 夢持火照人，主其人榮貴;夢持火上堂，主其家明顯，事事吉徵。《夢林玄解》
夢火光燭。此夢火在天上，夢之者宜遏惡揚善，順天休命。《斷夢秘書》
夢火滅，凶。夢此者主家亡財散，病人膏肓，訟困牢獄不祥。仕宦夢此，當有見幾明哲之思矣。《夢林玄解》
夢火滅。此夢大為不祥，主家亡財散，疾病不起，訟事陷罪，仕宦罷斥。《斷夢秘書》
夢火驅車行。主喜慶大來，氣運亨通，祿位高遷，家業豐盛。《斷夢秘書》
夢火燒己屋。主財源興旺。老人夢之，主得心火病。《斷夢秘書》
夢火燒物。夢用火燒門者，家興旺;非有德者之門，家門滅。夢用火燒器物者，主凡事有光;夢用火燒井者，有病至;夢用火燒灶者，無財來。燒滅他家，其家被害。《夢林玄解》
夢積薪起火焚身，大吉，主由極貧至極富。《夢林玄解》
夢家內火起。夢火焚自屋，火焰炎炎者，大財興旺;老人得之，主病受心症。夢宅中火發，主家業興隆;見宅中火光明亮，主吉利昌榮;夢門上火炎，主凡事閃爍;夢廳旁燃火，主官居明府。夢身被火燒者，大凶。《夢林玄解》
夢見持火大盛，大憂除。《敦煌本夢書》
夢見持火與妻子，多口舌。《敦煌本夢書》
夢見戴火，富貴。《敦煌本夢書》
夢見風火壞屋，凶，或遷徙。《敦煌本夢書》
夢見火從地出，必得病。《敦煌本夢書》
夢見火從地出，必得病。《敦煌本夢書》
夢..."
2025-06-22 22:56:17,蛇,恐懼,害怕代表你在靠近重要的東西。,寫下你害怕的事，再寫下最壞情況與應對方式。,"夢見蛇
是什麼意思？做夢夢見蛇好不好？夢見蛇有現實的影響和反應，也有夢者的主觀想像，請看下面由(
周公解夢官網
)小編幫你整理的夢見蛇的詳細解說吧。
蛇在夢中出現是典型的具有性意味的意象，
夢見蛇
可能暗示你對性的感覺或是性生活的狀態。也許你最近有些欲求不滿;也許性行為讓你充滿罪惡感，甚至感覺污穢;也可能你的性生活很美滿，讓你樂在其中。不同的夢境中，蛇給不同的做夢者帶來不同的心理感覺。
夢見很多蛇
，可能表示你出現過這些想法，並對此感到不安，或危險，但其實性未盡會傷害你。
夢見被蛇咬
，多是反映你對性的恐懼、害怕。(來自）
夢見蛇脫皮，或者夢見蛇皮，反映你對性恐懼不安的同時，內心觀念也得到了更新、成長。
夢見蛇鑽進洞裡，家裡可能會被偷竊或被搶劫，因此出門要留心關好門窗。
夢見蛇除了象徵男性生殖器以外，有時還象徵自我身上、性格裡面那些陰暗、難以理解且神秘的一面，比如人性深處蠢蠢欲動的欲望、深不可測的力量，讓人敬畏。很多人夢到蛇時還伴隨不太愉快的經驗，比如
被蛇追
趕、吞噬;或許它蟄伏不動並沒傷害你，但你就是害怕，想拔腿
逃跑
。當你夢到蛇並感到極為害怕時，也許是遇到了自己內心深處的恐懼，或對自我認識中，害怕正視的一面。另外蛇有時候也表示生活中遇到的困擾，或潛在的危險。
有時蛇還會象徵智慧的靈性，或敏銳的直覺。如果夢到蛇時，感覺到一種特別的歡喜之情，可能表示你心中靈性的覺醒，或智慧與直覺的力量萌發。如果你篤信宗教，也許是暗示你的修為正在成長。
女人
夢見一條死蛇在咬自己，表示有人打著朋友的幌子惡意陷害她。
夢見一條蛇蠕動著跌落到別的蛇身上，預示與命運和悔恨進行的鬥爭。
夢見一對蛇，這是不祥之兆，家人很快會分離。商人夢見一對蛇，則暗示著要發大財。
夢見殺蛇
，表示你將發現自己已經牢牢地抓住每個機會來提高利潤，或關注別人成功的操作，你將感受到戰勝敵人的快樂。
夢見跨過蛇行走，預示對疾病的恐懼一直充斥著你的生活，自私的小人在挑撥離間你和朋友們的關係。
夢見自己
被蛇咬
，預示你將屈從於邪惡勢力的影響，敵人將會破壞你的事業。
夢見綠草叢中一條普通的斑點蛇在接近你，而你迅速躲到一邊，你以為它走了，但是卻又看到它試圖接近你，而且它的身體突然變大，變得像是一條巨大的毒蛇，你驚慌地掙扎，最後成功逃脫了，它沒有咬到你。這次徹底消失了此夢預示很快你會認為沒有人願意服從自己，他們甚至輕視你。此夢過後。事情越來越糟疾病、不安以及別人的冷漠都會讓你心灰意冷;然而，如果你放下這些想像出來的麻煩，麻利地負起自己的責任，你的生活將走上軌道，你的心裡也能得到安慰，自己的付出也將獲得回報。
夢見吐著信子的蛇盤踞在你的身旁，預示敵人將控制你，而你無力掙脫或者你將受到疾病的打擊。
夢見用手拿蛇、觸摸蛇，預示你將巧用計策，戰勝所有的反對力量。
夢見自己的頭髮變成蛇，預示看起來，很不起眼的事情將給你帶來煩惱和憂慮。
夢中的蛇變成不自然的形狀，預示你將遇到很多麻煩事。然而，只要處事公正，遇事冷靜，加上堅強的意志力，你就能成功地解決掉所有的麻煩事。
夢見在涉水或沐浴時看到或踩到蛇，預示你以為是純粹的幸福，原來是麻煩的事情。
夢見蛇咬別人，預示某個朋友將遭到你的傷害和批評。
夢見小蛇，預示你將友好地款待一些人，而他們卻在背地裡誹謗你。想破壞你的大好前途。
夢見孩子在玩蛇，預示誰是敵人，誰是朋友，這個問題讓你感到困惑。
一個女人如果夢見一個孩子把一條蛇放在她的後腦勺上，她甚至可以聽見蛇吐信子的嘶嘶聲，預示別人將說服她放棄一些財產，說是為她好，但稍後她將發現自己落人敵人的陰謀詭計中，無力逃脫。
夢見朋友在前面走，身後的路上有蛇探出腦袋，預示有人已經設計好傷害你和你的朋友的陰謀，你將能夠察覺。
夢見你的朋友控制住了蛇，表示你將僱傭一個非常有能力的代理人幫助你抵制邪惡的影響。
女人夢見自己催眠蛇，預示別人想掠奪屬於你的權利，你能夠得到法律和有影響力的朋友的保護。
夢見敵人被蛇咬傷，預示敵手之間會互相殘殺，兩敗俱傷。
夢見蛇咬自己
妻子，預示不祥，你可能會遇到憂愁或不幸。
夢見蛇捕捉
老鼠
，這是凶兆的象徵，生活中會有不幸的訊息傳來，可能你在生意場上的投資會血本無歸，也可能是工作上會很不如意。
夢見蛇同貓斗，這是祥兆，生活中所有的不幸都將過去你將迎來生命中的春天，好好的把握機會吧!
夢見蛇變成龍，預示你將得到貴人相助，要交好運。
夢見龍
蛇在一起，吉利，預示你財運興旺。
女人夢見蛇
，並把它抱在懷裡，預示會喜得貴子。
夢見長蛇盤曲，預示你求學讀書會有好運氣。比如新來的數學老師竟是你所喜歡的那一類型，於是為了獲取好印象，你開始對原來討厭的數學用功。
周易解夢
蛇是我們在夢中常見的動物之一。在民間流行的說法是，夢見蛇是財運的象徵，但是在夢境的心理分析中，蛇並不代表財運，而是具有性、智慧、直覺等..."
2025-06-22 23:06:50,"""C:/Users/Wan/Desktop/ccClub Judge/Project/Dream Oracle Cards/venv/Scripts/python.exe"" ""c:/Users/Wan/Desktop/ccClub Judge/Project/Dream Oracle Cards/main.py""",未知,恐懼是成長前的門檻。,選一件你遲疑的事，嘗試踏出一小步。,⚠️ 找不到與此關鍵字相關的夢境解析
2025-06-22 23:06:59,"""C:/Users/Wan/Desktop/ccClub Judge/Project/Dream Oracle Cards/venv/Scripts/python.exe"" ""c:/Users/Wan/Desktop/ccClub Judge/Project/Dream Oracle Cards/main.py""",未知,愛，不用多，只要剛剛好。,擁抱家人或寵物，讓愛自然流動。,⚠️ 找不到與此關鍵字相關的夢境解析
2025-06-22 23:07:03,"""C:/Users/Wan/Desktop/ccClub Judge/Project/Dream Oracle Cards/venv/Scripts/python.exe"" ""c:/Users/Wan/Desktop/ccClub Judge/Project/Dream Oracle Cards/main.py""",未知,眼淚是靈魂的語言，允許它流動。,聽一首能代表你心情的歌，靜靜感受自己。,⚠️ 找不到與此關鍵字相關的夢境解析
2025-06-22 23:07:25,火,恐懼,你可以害怕，但也能同時勇敢。,找一位你信任的人談談內心的害怕。,"夢見火
是什麼意思？做夢夢見火好不好？夢見火有現實的影響和反應，也有夢者的主觀想像，請看下面由(
周公解夢官網
)小編幫你整理的夢見火的詳細解說吧。
火能喚醒人強烈的感情，如嫉妒、情慾與激情等;它能毀滅一切，同時卻又是一場浩大的淨化，孕育著勃勃新生;在中國傳統觀念里，火更與運勢和財富息息相關。因此
夢見火
有多種解釋，在積極方面，它象徵激情、渴望和財富;消極方面，則意味著失意、憤怒、煩惱或毀滅。
男性夢見火，表明心中對事業充滿希望、充滿信心;
女性夢見火，表明心中對生活充滿熱愛、充滿憧憶;
夢見大火
熊熊，是好事，預示財運旺盛，地位上升。對年輕人來說，還表示你正對生活事業充滿希望、信心和熱愛。
夢見感到火燒到了你，預示新局面可能會給你帶來麻煩。如夢見沒有燒到你，預示一定會有好訊息。
如果夢見自己被火活活燒死，表示你內心深處，可能對這種即將出現的新局面或新關係十分恐懼。
夢見家裡
著火
，將過上富裕的生活，家資豐盛，錢財頗豐。或者某些其他你想要得到的東西，很快將心愿達成。夢見火被撲滅，意味著經濟上的損失，或者失去愛情
夢裡看到有房屋或其他建築著火，一方面，可能預示有親友向你緊急救援;另一方面，也可能表示一直阻礙你前進的某些因素，終於將得以消除，你能重新開始。
夢見自己年來火，或從火中逃脫，預示你能排除萬難，取得成功。
夢見自己從火中把人救出，你將感到十分真誠的友情。朋友會幫你分憂解難，並真誠關心你的健康等。
夢見自己成為消防隊員救火，預示你可能有錢財上的損失，這時最好不要向別人借錢，或借錢給別人解決遇到的經濟危機，以免日後產生爭執分歧，反目成仇。
夢見火燒山，預示可能會有災禍。一方面，有水難之相，要儘量避免接近海、湖、河川等有水的地方，
游泳
池也不例外;另一方面，可能有被盜的可能，要注意小心保管金錢和貴重物品，出門在外時，尤其要小心小偷。
夢見有煙火掉落在自己身上，表示你很容易受引誘，必須要用堅強的意志來約束自己。
夢見煙火沖天，預示身邊熟悉的人身上會有好事。可有家庭成員中會有人獲得提升，或者增加薪水等。
夢見火球在空中飛，表示近期直覺敏銳，料事如神。如是學生，可能猜中
考試
題。
夢見在黑暗中有星星之火，預示你的新計畫將順利展開，如果你正籌劃開始做一件事，或者學習一項新技能，將有望獲得成功。
夢見野火旺盛燃燒，預示有財運，收入會增多。商人財源廣進，生意興隆，近期可能會有大額進帳。
夢見一堆一堆的
大火
，預示在不久的將來，職位上可能會得到晉升。
夢見登高望遠處的火焰，提醒你要小心處事。近期可能會由於疏忽而犯錯誤，比如記錯時間錯過約會等，需要額外細心謹慎。
夢見柴火燃燒旺盛，代表跟戀人陷入熱戀，兩情相悅，如膠似漆，每天都要見面約會。要注意適當保持冷靜。
夢見手持火炬行走，代表愛情有大幅度進展，一直追求的對象，或起初對你毫無興趣的人，將會被你的真情所打動。如果是真心實意的感情，長久地追求，終將贏得心上人的青睞。
如果經常夢見火，或是夢見與火打交道，在火邊工作，置身於烈火中，口渴咽躁等，則可能預示要患高血壓等病，最好及時到醫院檢查。
原版
周公解夢
大火燒天，主國安。《周公解夢》
火從地生，疾病至。《周公解夢》
火燃草堆，主大凶。《周公解夢》
火燒河水，長命吉。《周公解夢》
火燒山野，大顯達。《周公解夢》
火燒自屋，主興旺。《周公解夢》
舉火燒井，主病至。《周公解夢》
舉火行路，大通達。《周公解夢》
夢持火照物。夢持火乘坐而行，為官祿之兆;夢持火行路，為通達之祥。 夢持火照人，主其人榮貴;夢持火上堂，主其家明顯，事事吉徵。《夢林玄解》
夢火光燭。此夢火在天上，夢之者宜遏惡揚善，順天休命。《斷夢秘書》
夢火滅，凶。夢此者主家亡財散，病人膏肓，訟困牢獄不祥。仕宦夢此，當有見幾明哲之思矣。《夢林玄解》
夢火滅。此夢大為不祥，主家亡財散，疾病不起，訟事陷罪，仕宦罷斥。《斷夢秘書》
夢火驅車行。主喜慶大來，氣運亨通，祿位高遷，家業豐盛。《斷夢秘書》
夢火燒己屋。主財源興旺。老人夢之，主得心火病。《斷夢秘書》
夢火燒物。夢用火燒門者，家興旺;非有德者之門，家門滅。夢用火燒器物者，主凡事有光;夢用火燒井者，有病至;夢用火燒灶者，無財來。燒滅他家，其家被害。《夢林玄解》
夢積薪起火焚身，大吉，主由極貧至極富。《夢林玄解》
夢家內火起。夢火焚自屋，火焰炎炎者，大財興旺;老人得之，主病受心症。夢宅中火發，主家業興隆;見宅中火光明亮，主吉利昌榮;夢門上火炎，主凡事閃爍;夢廳旁燃火，主官居明府。夢身被火燒者，大凶。《夢林玄解》
夢見持火大盛，大憂除。《敦煌本夢書》
夢見持火與妻子，多口舌。《敦煌本夢書》
夢見戴火，富貴。《敦煌本夢書》
夢見風火壞屋，凶，或遷徙。《敦煌本夢書》
夢見火從地出，必得病。《敦煌本夢書》
夢見火從地出，必得病。《敦煌本夢書》
夢見火從地出，憂病。《敦煌本夢書》
夢見火人人家，大富貴。《敦煌本夢書》
夢見火燒地，當天下稱陽。《敦煌本夢書》
夢見火燒門戶，災禍必至。《敦煌本夢書》
夢見火燒屋者，父母病。《敦煌本夢書》
夢見火燒屋者，父母病。《敦煌本夢書》
夢見火舍，有喜事。《敦煌本夢書》
夢見火至天，兵事起。《敦煌本夢書》
夢見火炙水，富貴，亦光萬里。《敦煌本夢書》
夢見火炙天，為國相。《敦煌本夢書》
夢見將火照人，奸事露。《敦煌本夢書》
夢見舉火夜行，必光顯。《敦煌本夢書》
夢見舉火夜行，大通達。《敦煌本夢書》
夢見舉火夜行，身必光榮。《敦煌本夢書》
夢見林中火，有喜事。《敦煌本夢書》
夢見燃火者，主大吉。《敦煌本夢書》
夢空中大火。火屬陽氣，夢此者，主聲威日振，家業大興，行商大獲，官司必勝，諸事有大吉之象。《斷夢秘書》
夢空中火大發，吉。夢此者威聲大振，家業大興，經商獲利，官事大勝，諸事大吉。《夢林玄解》
夢鄰家火發。延燒己屋者吉，不燒者不利。避鄰家火者吉，救鄰家火者失威。《斷夢秘書》
夢鄰舍起火。夢鄰家火發，延燒己房者吉，不燒己房者利;避鄰家火者吉，救鄰家火者失威。《夢林玄解》
夢門上火起，此夢主諸事閃爍。《斷夢秘書》
夢取水澆火，主事事謹慎戒懼。《夢林玄解》
夢山上大火。仕宦主祿位高遷，商買主貿易興隆。行人夢之，主不即歸。《斷夢秘書》
夢山上大火起，吉。商賈夢此，客邸興發;官宦夢此，祿宦高遷。凡事尊光之象。《夢林玄解》
夢身受火燒，大凶，慎之。《斷夢秘書》
夢身行火中，吉。主病即愈，身即發，名即成，貴人扶也。《夢林玄解》
夢廳角燃火，主官居明府。《斷夢秘書》
夢屋中火發，主家業興隆。《斷夢秘書》
夢物被火燒。夢火燒天，主天下太平之象;夢火燒地，主疾病纏身之占; 夢火燒日月，主貴人助力;夢火燒河沿,既濟之兆，主福壽長永。余凡燒 貨物，皆主吉占。但燒而火不透發者不祥，煙黑色者病至。被火燒死，主 大發之徵。《夢林玄解》
夢物中火出，吉。夢木中火出者，大吉;夢柱頭煙起者，有憂。夢凡器物 中火起有光者，事通達;有煙者，事遲滯。《夢林玄解》
夢行火中。主有病即愈，求名即成，得貴人前來扶持。《斷夢秘書》
夢野火，凶。此夢盜賊蜂起，奸侯群生，國家不寧。《夢林玄解》
夢宅中火光明亮，主昌榮吉利。《斷夢秘書》
身在火中，貴人扶。《周公解夢》
宅中火光，大吉昌。《周公解夢》
―乘行，官位至。《周公解夢》
眾人圈火，和合吉。《周公解夢》
心理學解夢
夢境解說：夢中見到火有多種意義。從積極的方面講象徵著激情和渴望，從消極的方面講意味著失意，憤怒，煩惱，毀滅等。釋夢時還要看火是否處於控制之下。如果你夢見火光熊熊，表示你明白自己的能量，你如果只是感到熱氣逼人，表示你意識到其他人的強烈感情。
心理分析：火在夢中常常象徵著純潔。火的力量可以給人賜於生命和創造，人們用火改變自己的生活。有時候，火也指示你應該變換自己的性慾力量。你如果在夢中被活活燒死，意味著對新的關係或新的生活階段十分害怕，你也許感到應該為自己的信仰遭受折磨。
精神象徵：從這層角度講，火線洗禮象徵著精神力量的新意識和意識轉換。
夢見火的案例分析(
)
夢境描述：我夢見與朋友一起去旅遊，好像去了一個火山爆發的地方。據朋友介紹，這裡還有餘火。夢中的我看到余火還在燒著，火苗有時是紅色的，有時是藍色的，挺神奇的。(男性，25歲)
夢境解析：夢中的火，代表的是活力與熱愛。不管夢見什麼樣的火，都是成功即將來臨的象徵。男性夢見火，表明心中對事業充滿希望，充滿信心。女性夢見火，表明心中對生活充滿熱愛，充滿憧憬。
如夢見火焰，則是感情的象徵。它不僅表明你心中有勃勃欲發的愛情之火，也預示著不期而至的美事。
夢見火災
，則代表的是困難與損失。"
2025-06-22 23:07:57,"""C:/Users/Wan/Desktop/ccClub Judge/Project/Dream Oracle Cards/venv/Scripts/python.exe"" ""c:/Users/Wan/Desktop/ccClub Judge/Project/Dream Oracle Cards/main.py""",未知,專注當下，不讓未來偷走你的平靜。,嘗試五感練習：觀察你當下看到、聽到的五件事。,"⚠️ 找不到與「""C:/Users/Wan/Desktop/ccClub Judge/Project/Dream Oracle Cards/venv/Scripts/python.exe"" ""c:/Users/Wan/Desktop/ccClub Judge/Project/Dream Oracle Cards/main.py""」相關的夢境解析"
2025-06-22 23:09:11,殺,驚奇,每一段低谷，都是蛻變的暗處。,寫下你正在經歷的事，對自己說聲辛苦了。,"夢見殺人
是什麼意思？做夢夢見殺人好不好？夢見殺人有現實的影響和反應，也有夢者的主觀想像，請看下面由(
周公解夢官網
)小編幫你整理的夢見殺人的詳細解說吧。
夢見殺人
，通常是日常生活壓力過大，精神過度緊張的表現。可能承受了巨大的情感痛苦，也有可能平時樹敵過多，或有仇家。
夢見激烈的戰場、殺戮、
流血
場面等，還可能預示你會有意外的運氣，找到辦法解決生活中面臨的難題。
如果夢見自己殺了人，表示你情感和生活壓力巨大，有令你非常痛苦的問題，找不到方式解決。如果你在夢中殺了人，但不能確定對方是否死了，暗示讓你痛苦的問題，可能懸而未決，你可能採取了措施，但卻不知道確切結果如何。夢見你
殺人
的夢，還提醒你近期要適當調整情緒，放慢生活節奏，放鬆身心，並最好找到合適的辦法，把心裡鬱結的壓力情緒發泄出來。
如果夢見殺死了一個權威人物，或是長輩、領導，則暗示你內心中有渴望擺脫束縛的願望。
如果夢見自己被不認識的人殺了，表示身體健康，並有結束眼前的煩惱，獲得重生的寓意。
如果夢見自己目睹了一場殺戮，暗示工作中你將遇到非常不喜歡的場面，或是生活里不得不接受令你很反感的顯著變化。
如果妻子
夢見丈夫
被殺，預示家庭和睦，夫妻恩愛，生活幸福。
夢見自己殺害了親人，你會更為親人的健康擔心，或將繼承遺產。
夢見自己殺了父母，暗示對父母有歉疚心理。
夢見家裡有晚輩想刺殺自己，夢中要殺你的人將成為繼承人。
如果夢見自己殺了仇人，暗示你的敵手會更強大，令你感到畏懼，要小心提防。
夢見自己被人殺，暗示你可能會遇到強大的的競爭對手。
夢見自己被控告殺人罪，預示你會出名。
夢見自己殺了昆蟲或動物，預示你會通過自己的努力戰勝困難，擺脫困境。
夢見殺死昆蟲或動物，預示你會得到朋友的幫助，解決遇到的困難，幫你擺脫困境。
原版
周公解夢
被人殺害，主有吉。《周公解夢》
被人殺害者，大吉。《周公解夢》
見殺人者，主有吉。《周公解夢》
看見殺人，主大吉。《周公解夢》
夢被殺。夢被他人殺我者，利吉之占;如逃避伏藏者，反凶。被殺而不死者，得財復失。《夢林玄解》
夢持刀殺人，主得財利。《斷夢秘書》
夢見被殺，必得財。《敦煌本夢書》
夢見被殺，得他力。《敦煌本夢書》
夢見被殺，一雲必有吉事。《敦煌本夢書》
夢見殺人，必有吉事如意，得酒肉。《敦煌本夢書》
夢見殺人。夢見他人殺人者，主有人送物至，大吉;見他人相殺者，主爭財也。《夢林玄解》
夢見殺人血污衣，漁獵吉。《敦煌本夢書》
夢見殺他人，大吉利。《敦煌本夢書》
夢見市上殺人，大吉。《敦煌本夢書》
夢見他人互殺，主爭財之象。《斷夢秘書》
夢見他人殺人，大吉，主有人送物至。《斷夢秘書》
夢見行殺人，必有酒客。《敦煌本夢書》
夢殺人。夢殺死他人者，兆主大吉，富貴福祿。或血污衣服，主得財利。自身殺人者，中吉，官位榮臨。持刀者，利財。殺傷不死者，有血吉，無血凶，亦宜詳所殺何人，以五行生剋推之，禍福有準。《夢林玄解》
夢殺人血污衣，主得財利。《斷夢秘書》
夢殺傷不死。有血主吉，無血主凶。《斷夢秘書》
夢殺
死人
，主富貴福祿，大吉大利。《斷夢秘書》
夢相殺。夢持刀斧相殺者，有血吉，無血凶;夢相殺各自奔散者，主財散;夢他人殺死我，我也殺死他人，主爭財有獲。《夢林玄解》
夢
自己殺人
，中吉，主官位榮臨。《斷夢秘書》
殺人血污衣，得財。《周公解夢》
殺死他人，大富貴。《周公解夢》
心理學解夢
夢境解說：如果夢到自己被殺，通常象徵著你受到外來影響，你的一部分性格無法繼續存活。如果夢到自己殺人，表示試圖擺脫那人施加於你的影響。
心理分析：殺人是解決問題的一種極端方法。如果夢裡發生這種一了百了的行為，通常象徵著你對暴力的需求(特別是針對自身的那種暴力)。在某種場合中，可能會出現這樣的情景：解決問題的惟一可行方案是必須“扼殺”你的部分自我。
精神象徵：在精神層面上，夢裡的殺人行為相當於作出犧牲。
夢見殺人的案例分析
夢境描述：我是一名體育老師，今年28歲，男，未婚。有一個不太喜歡的女朋友，對目前職業有點迷茫的感覺，前幾天，做了一個奇怪的夢：
我拿著一把大刀很憤怒地砍了我的同事，還有我的一個舞蹈老師，生活中他還是我不錯的朋友，夢裡卻追著砍他，在他奪過刀來砍我的時候，掙扎中，我被嚇醒了。
醒來以後，還後怕著。
夢境解析：從嚴格的角度來說，這個夢不算是標準的夢中殺人，而是屬於戰鬥性質的夢。夢中的情緒轉換是由“憤怒”到“恐懼”的。“同事”與“舞蹈老師”在這裡很可能象徵著你的職業。出於對職業的憤怒，在現實中沒有機會得到表達，所以在夢裡會憤怒地去“砍”職業，隨即又覺得如果真的這樣做了，是非常危險的，所以，後怕(恐懼)便油然而生。在另一個層面上講，用“大刀互相砍”，意味著“我”與“事業”的衝突，“我”代表“自由、快樂的本我”，“事業”代表著“現實社會的規則”。無論砍倒哪一方，都會喪失人格的完整性，所以，這也是恐懼產生的一個原因。"
2025-06-22 23:10:07,"""C:/Users/Wan/Desktop/ccClub Judge/Project/Dream Oracle Cards/venv/Scripts/python.exe"" ""c:/Users/Wan/Desktop/ccClub Judge/Project/Dream Oracle Cards/main.py""",未知,你一步步來到這裡，每一步都很值得。,列一張清單記錄你今天完成的任務，塗掉它們。,"⚠️ 找不到與「""C:/Users/Wan/Desktop/ccClub Judge/Project/Dream Oracle Cards/venv/Scripts/python.exe"" ""c:/Users/Wan/Desktop/ccClub Judge/Project/Dream Oracle Cards/main.py""」相關的夢境解析"
2025-06-22 23:11:11,水,恐懼,恐懼是成長前的門檻。,選一件你遲疑的事，嘗試踏出一小步。,"夢見水
是什麼意思？做夢夢見水好不好？夢見水有現實的影響和反應，也有夢者的主觀想像，請看下面由(
周公解夢官網
)小編幫你整理的夢見水的詳細解說吧。
夢中的水，是感情、女性或創造力的象徵。弗洛伊德認為水與子宮有關，榮格認為水預示著創造力的源泉。
夢見平緩清澈的流水，預示生活安樂，吉祥。
夢見水
流湍急或渾濁，預示可能今後會遇到困難。
夢見走進水中，預示你很可能將有個新的起點。
夢見進入深水，可能預示你要失去原先的依靠。
夢見潛水，可能預示你的生活現狀讓你感到壓抑，你心中渴望擺脫。
夢見從水裡浮上水面，預示原來困擾你的問題，終於得到穩妥解決。
夢裡感覺自己幸福地漂在水中，可能表達了想回家，回到母親身邊、或是回歸母體的願望。
夢見你自己在水裡被淹死了，意味著你打算忘記一些不愉快的事。
未婚男子夢見一泓清澈的水，意味著將會愛上一位純真的女孩兒。
身體不適的人夢見涉冷水，提醒你要注意身體健康，可能是有腎病。
夢見自己向平靜的水面眺望，表示你在與人交往方面非常順利。你跟同學、同事間的友誼會增強。
夢見自己在水面上步行，預示願望即將實現，但不能束手等待或依賴別人，要自己努力去爭取。
夢見水面掀起漣漪，預示你可能要開始一場新的戀愛。對方很可能跟你是偶然相遇。圖書館、美術館等場所的意外相遇，將讓你們有一個輕鬆的開始。
夢見水沸騰，要冷靜，切忌衝動和一時感情用事。
最後，如果經常夢到水，或是與水打交道，
洪水
泛濫，溺水呼叫等夢，還可能預示肝臟、膽囊、腎臟的疾病，最好及時到醫院檢查。
周易解夢
夢中的水意義很多，並且是什麼樣的水呢?是杯中的水、河水、湖水還是海水、是清水、渾水?還是加了糖的水?如果你夢見了一條河，那么我或許得按河來釋義，不能按水釋。如果你夢見了海，那么我或許得按海釋義，也不能按水釋。如果你夢見茶水，那或許得按茶釋，同樣不能按水釋。這裡邊問題比較複雜。什麼樣的水可以按水釋呢?不好說，只能憑感覺。
夢中的水是什麼狀態很重要，即注意那水是自由流動的，還是有阻礙或是結冰，或是乾淨還是渾濁。
水是繁殖、成長、創造性的潛能的常見象徵(尤其是水處於靜止狀態如在水庫)，也是新生活或康復的象徵。
水可以象徵生命力。
例如，某人夢見土地乾枯，草木枯萎。他用車拉水來澆地，但是水根本不夠用。這表示他自覺生命力不足，於是買補藥吃，但是發現效果甚微，像夢中拉水的車是一輛計程車，生活中他的侄子曾乘這樣的一輛計程車來看他，並且送給他一些名貴補藥。
水還是女性的象徵，代表你的女性傾向(無論你是男性、女性，或是你的母親)。所以在夢中你對這水的反應就顯得很重要。在現實生活中你怕水嗎?這可能意味著你怕
女人
(如果你是男性的話)，你的母親或你自己的潛意識。
紅樓夢裡賈寶玉說：“女人是水做的”。這句話也正是人類內心中原始人所說的。
有人夢見一湖碧水，沒有一片樹葉雜草在上面，清澈無比。他高興地下湖
游泳
，卻發現有另一個人也要下湖，他心裡極端不愉快。
表面看這個夢很怪，湖裡多一個人游泳有什麼關係呢?
但是如果你知道，這個湖是女性象徵，象徵著他的女朋友。
那么你也就知道，另一個人下湖意味著什麼了。你當然也就知道，他為什麼如此不愉快了。
再如前邊提到過的例子，某軍人夢見在水池中有一條蛇。我說過那條蛇是男性生殖器象徵，那么水池呢?很顯然，指女性生殖器。
特別是夢中的水較深的時候，或者水是在一個地下溶洞裡的時候，還常常象徵潛意識也就是內心深處我們自己意識不到的內容。什麼東西被水淹沒，表示我們把它遺忘了。但是這些被遺忘的東西並未消失，只是深藏在心底了。
相反，如果夢中我們從水底撈出了什麼東西，表示我們在內心中打撈出了思想或直覺。夢中撈到珍寶是最好的，表明你從內心中獲得了心理財富。某人夢中從水下打撈出寶劍，表示他從內心深處獲得了勇氣和力量，使他不畏懼任何敵人。
中醫認為，腎主水。腎有病的人會夢見涉冷水、淋雨等。再如，關節炎患者會夢見涉水。
當夢者口渴了，夢見喝水，這水也許什麼都不象徵，或者也可以同時象徵其他事物。例如，夢中喝水的杯子是同班一個女生的，表示渴望得到她的愛。
夢中的水還可以作為出生的象徵。
原版
周公解夢
喝熱水，病魔纏身。《周公解夢》
流水繞身，有訟獄。《周公解夢》
夢大水驟至屋欲浮。夢者驟貧驟富，居處不常，遷徙則吉。《夢林玄解》
夢跌入水中。夢後七日內防有
火災
水厄，過旬無恙。《夢林玄解》
夢含水。得此夢者身安病除。若夢他兆而有此者，當應在夏月。《夢林玄解》
夢家中大水，兆主財旺業盛，喜占添丁。《斷夢秘書》
夢家中
發大水
，大吉。主兒女添增，財利生，基業盛，官訟解，疾病為傷。《夢林玄解》
夢見赤水，吉;入宅中，官事起。《敦煌本夢書》
夢見赤水者，有官事。《敦煌本夢書》
夢見床上水，憂財及貴。《敦煌本夢書》
夢見床上有水，懸官事。《敦煌本夢書》
夢見大水者，大富。《敦煌本夢書》
夢見大水者，主婚姻。《敦煌本夢書》
夢見浮水，來賊侵圍。《敦煌本夢書》
夢見共眾人同臨清水，吉。《敦煌本夢書》
夢見黃水，百事和合。《敦煌本夢書》
夢見江潮海水，大昌。《敦煌本夢書》
夢見江海大水，富貴。《敦煌本夢書》
夢見居水上坐，大富貴。《敦煌本夢書》
夢見居水上坐及水中坐，並吉。《敦煌本夢書》
夢見流長有波，聽流水有聲。主訟解、爭消、疑釋、病癒。《夢林玄解》
夢見流水者，主訴訟。《敦煌本夢書》
夢見拍浮水中者，酒肉。《敦煌本夢書》
夢見清水，吉;濁，凶。《敦煌本夢書》
夢見入赤水者，有官事。《敦煌本夢書》
夢見人水中戲者，大吉。《敦煌本夢書》
夢見水長流，大吉。《敦煌本夢書》
夢見水出，得財，吉。《敦煌本夢書》
夢見水來入宅夷門，官位至。《敦煌本夢書》
夢見水流，吉，所訴得理。《敦煌本夢書》
夢見水清湛，漢城。《敦煌本夢書》
夢見水人官寓，人位至。《敦煌本夢書》
夢見水人宅，得大財。《敦煌本夢書》
夢見水入宅，得官位至。《敦煌本夢書》
夢見水上行，城必安，富貴，得官榮。《敦煌本夢書》
夢見水者，大吉利。《敦煌本夢書》
夢見天地大水者，事起。《敦煌本夢書》
夢見屋中水出，凶。《敦煌本夢書》
夢見灶下水流，得財。《敦煌本夢書》
夢見止水者，大禍，凶。《數煌本夢書》
夢流水繞身。水遍身流動，禍患突臨。夢者爭訟人獄，病患人幽。閒人夢此，主有濃血之災;船夫夢之，防有船覆、船解之災。《夢林玄解》
夢流水繞身。主爭訟人獄，患病不治，或是膿血。船家夢之，防有覆船之險。非吉祥之兆也。《斷夢秘書》
夢山中飲澗水。主學問進益，財利亨通，但不可大望。《夢林玄解》
夢身在浴水中。有除舊布新之兆，主名成利遂，諸事俱吉。經商須慎，遠行防有不測。《斷夢秘書》
夢水斗，主財產耗散。《斷夢秘書》
夢水發赤，主以下凌上之象。《斷夢秘書》
夢水渾黑，主有陰私之事。《斷夢秘書》
夢水流如燕尾，大凶。主夫妻分散，父子分離，親友分別，臣叛奴逃，大不祥之夢。《夢林玄解》
夢水流汪洋。主新婚之喜，名利來，爭鬥消，壽命長。《夢林玄解》
夢水面雲起風起。主絕處逢生，興發之祥。《夢林玄解》
夢水清澈。夢之者，主由貧而富，由賤而貴，氣運亨通，諸事吉祥。《斷夢秘書》
夢水上立。主凡事危險，凶事將臨。女人夢此，則有傾國之譽。《夢林玄解》
夢水上行走，大吉，主凡事貴人扶助。《夢林玄解》
夢水中有岸。水中岸謂之洲，洲與州通。夢此者利往某州(如杭州、蘇州、荊州)行商尤吉。《斷夢秘書》
夢浴水中，大吉。夢主文昌上達，利獲無窮，諸事鹹亨。如經商遠行則慎之。《夢林玄解》
夢墜水中半身濕。公事纏身，商賈雖營利，但須小心謹慎。《夢林玄解》
人家有水，兒子亡。《周公解夢》
水裡行走，得神助。《周公解夢》
水流洋洋，有新婚。《周公解夢》
水上火出，主大吉。《周公解夢》
水上立者，主凶事。《周公解夢》
水上行者，主大疾。《周公解夢》
自落水中不出，凶。《周公解夢》
自在水中，大吉利。《周公解夢》
心理學解夢
夢境解說：在
夢的解析
中，水普遍被視為一切感情和女性的象徵。它是一種充滿神秘氣質的物質，因為它能穿透物體，從物體表面流過，在物體周圍流動。凡是阻擋去路的障礙都會被它摧毀。你的潛力和內心開創新生活的需要，也可以由水錶現出來。
心理分析：水代表著潔淨，它能夠去除人們日常生活中內部和外部的污穢。它幫助受洗禮的人洗刷從前的“罪過”，使你擺脫繼承家產家業的束縛。夢到走入水中，表示新的開始。進入深水表示你失去了依靠，或者進入了你的潛意識。
精神象徵：水象徵著精神上的重生——生命的力量。
水在夢裡起著重要的作用，它有豐富的意義，這裡只能簡略的介紹一二。處於水中，可能象徵著
懷孕
和出生。流動的水錶現了和平和健康，奔騰的水代表著熱情。深水象徵潛意識，而淺水暗喻缺乏生命力。如果夢到潛入水中，表達了你恢復力量及回歸源泉的願望。如果你浮上水面，暗示著一個新的開始。在水面上，例如坐在船上，代表優柔寡斷或缺乏感情的約束。紋絲不動地躺在水中，可能寓意著懶惰。
和水有關的其他畫面如下：
洗澡
象徵著清潔。井，代表女性，特別是女性的感情。水壩、島嶼和其他障礙物代表著有意的嘗試，要控制水力——以及感情。淹死，表明你傾向於把不愉快的事壓入潛意識裡，但這些內容會在某些情況下傾瀉出來，並有操縱你的可能。洪水代表你體內混亂的一面，這一面通常是無法控制的，因而需要你全部的注意力。運河象徵著出生的過程。海洋代表著宇宙的意識，代表誕生一切生命最初的混沌世界。水包含著一切知識，即使它們可能被人類對深度的恐懼所掩蓋(人們對自己不理解的東西有恐懼心理。淺海象徵著膚淺的感情。海浪喻示著感情和樂趣。平靜的海體現著和平的存在，反之，波濤洶湧的海象徵著有益或無益的激情。在夢裡觀察潮起潮落，表示希望了解時間的流逝和自己感情的起伏。湖泊和池塘一樣，也代表著從有意識的自我精神自我過渡的階段。如果你意外地來到兩重交界處，表示你有機會了解自己，學會尊重自己。水面上自己的倒影，表示和陰暗的調解。你必須學會接受自己並不喜歡的那部分自我，如果受到良好的控制，可以釋放出大量能量。河流和小溪一直都代表著生活和你的的生活方式。你的看法決定了你把生活看做寬闊的河流還是狹窄的溪流。嘩嘩流過的河流寓意生活匆匆。同時夢到海洋和河流，表示你有必要進行大改變，你應該重視潛意識。如果夢到一條非常深的河，表示你應當更加重視周圍的世界以及和它的關係。渡河象徵著巨大的改變。如果河流令人望而卻步，表示你為自己製造不必要的麻煩。如果河流已經被污染，表示你沒有為自己做最可能的事。潛水錶示進入自己的潛意識，或者表示你希望找回被壓抑的自我。
夢見水的案例分析
夢境描述：多年來，我一直希望有機會去一次西雙版納，去領略一下傣族風情。每當在電視上看到潑水節的場面，我的內心都無比地激動。我做夢夢見了我在過潑水節，那熱烈的場面令我激動不已。(女性，20歲)
夢境解析：夢見水，是快樂的象徵，說明你心中充滿著快樂與幸福;夢見清水，預示你是一位有福之人，吉祥與如意將永遠包圍著你。
夢見汪洋一片的水面，表明你無論是事業還是家庭，都會出現一派昌盛繁榮、幸福美滿的景象;夢見水天一色的海洋，表明你的心地特別純潔，你將會有一段心境特別舒暢的日子。"
